{
    "project_info": {
        "project_number": "196517300241",
        "firebase_url": "https://sibaya-sempilo-f1d9d.firebaseio.com",
        "project_id": "sibaya-sempilo-f1d9d",
        "storage_bucket": "sibaya-sempilo-f1d9d.appspot.com"
    },
    "client": [
        {
            "client_info": {
                "mobilesdk_app_id": "1:196517300241:android:8cf37045d693f389",
                "android_client_info": {
                    "package_name": "com.sibayasempilo.siberianapp.androidoverview"
                }
            },
            "oauth_client": [
                {
                    "client_id": "196517300241-q7o4vkovvndjk64thcq974sjog98c7gv.apps.googleusercontent.com",
                    "client_type": 3
                }
            ],
            "api_key": [
                {
                    "current_key": "AIzaSyBnYnSXBx-WgLbnitJPb5G9FtefWJkbZ4A"
                }
            ],
            "services": {
                "appinvite_service": {
                    "other_platform_oauth_client": [
                        {
                            "client_id": "196517300241-q7o4vkovvndjk64thcq974sjog98c7gv.apps.googleusercontent.com",
                            "client_type": 3
                        }
                    ]
                }
            }
        }
    ],
    "configuration_version": "1"
}